-- phpMyAdmin SQL Dump
-- version 4.3.11
-- http://www.phpmyadmin.net
--
-- Host: 127.0.0.1
-- Generation Time: Jun 15, 2017 at 09:30 PM
-- Server version: 5.6.24
-- PHP Version: 5.6.8

SET SQL_MODE = "NO_AUTO_VALUE_ON_ZERO";
SET time_zone = "+00:00";


/*!40101 SET @OLD_CHARACTER_SET_CLIENT=@@CHARACTER_SET_CLIENT */;
/*!40101 SET @OLD_CHARACTER_SET_RESULTS=@@CHARACTER_SET_RESULTS */;
/*!40101 SET @OLD_COLLATION_CONNECTION=@@COLLATION_CONNECTION */;
/*!40101 SET NAMES utf8 */;

--
-- Database: `sust_becha_kena`
--

-- --------------------------------------------------------

--
-- Table structure for table `categories`
--

CREATE TABLE IF NOT EXISTS `categories` (
  `id` int(10) unsigned NOT NULL,
  `name` varchar(255) COLLATE utf8_unicode_ci NOT NULL,
  `image` varchar(255) COLLATE utf8_unicode_ci NOT NULL,
  `parent_id` int(11) DEFAULT NULL,
  `created_at` timestamp NULL DEFAULT NULL,
  `updated_at` timestamp NULL DEFAULT NULL
) ENGINE=InnoDB AUTO_INCREMENT=11 DEFAULT CHARSET=utf8 COLLATE=utf8_unicode_ci;

--
-- Dumping data for table `categories`
--

INSERT INTO `categories` (`id`, `name`, `image`, `parent_id`, `created_at`, `updated_at`) VALUES
(1, 'Mr. Parker Rath Sr.', 'http://lorempixel.com/640/480/?16762', 2, '2017-05-07 03:06:57', '2017-05-07 03:06:57'),
(2, 'Johnathan Bartell', 'http://lorempixel.com/640/480/?65750', 9, '2017-05-07 03:06:57', '2017-05-07 03:06:57'),
(3, 'Donnell Glover PhD', 'http://lorempixel.com/640/480/?46924', 3, '2017-05-07 03:06:57', '2017-05-07 03:06:57'),
(4, 'Terrill Goodwin PhD', 'http://lorempixel.com/640/480/?40103', 3, '2017-05-07 03:06:57', '2017-05-07 03:06:57'),
(5, 'Prof. Javonte Gleichner', 'http://lorempixel.com/640/480/?31167', 1, '2017-05-07 03:06:57', '2017-05-07 03:06:57'),
(6, 'Jevon Legros', 'http://lorempixel.com/640/480/?94336', 7, '2017-05-07 03:06:57', '2017-05-07 03:06:57'),
(7, 'Prof. Cielo Farrell Jr.', 'http://lorempixel.com/640/480/?28792', 7, '2017-05-07 03:06:57', '2017-05-07 03:06:57'),
(8, 'Shawn Schamberger', 'http://lorempixel.com/640/480/?74954', 9, '2017-05-07 03:06:57', '2017-05-07 03:06:57'),
(9, 'Chanel Rogahn', 'http://lorempixel.com/640/480/?97878', 3, '2017-05-07 03:06:57', '2017-05-07 03:06:57'),
(10, 'Miss Roma Cummings', 'http://lorempixel.com/640/480/?76607', 2, '2017-05-07 03:06:57', '2017-05-07 03:06:57');

-- --------------------------------------------------------

--
-- Table structure for table `migrations`
--

CREATE TABLE IF NOT EXISTS `migrations` (
  `id` int(10) unsigned NOT NULL,
  `migration` varchar(255) COLLATE utf8_unicode_ci NOT NULL,
  `batch` int(11) NOT NULL
) ENGINE=InnoDB AUTO_INCREMENT=577 DEFAULT CHARSET=utf8 COLLATE=utf8_unicode_ci;

--
-- Dumping data for table `migrations`
--

INSERT INTO `migrations` (`id`, `migration`, `batch`) VALUES
(565, '2014_10_12_000000_create_users_table', 1),
(566, '2014_10_12_100000_create_password_resets_table', 1),
(567, '2016_12_04_104641_create_products_table', 1),
(568, '2016_12_04_110030_create_categories_table', 1),
(569, '2016_12_04_110550_create_tags_table', 1),
(570, '2016_12_04_110836_create_products_and_tags_table', 1),
(571, '2016_12_04_111031_create_orders_table', 1),
(572, '2017_02_16_171719_add_foreign_keys_on_products_table', 1),
(573, '2017_02_16_172950_add_foreign_keys_on_product_tag_table', 1),
(574, '2017_02_16_174859_create_order_details_table', 1),
(575, '2017_02_16_175203_add_foreign_keys_on_order_details_table', 1),
(576, '2017_02_16_175506_add_foreign_keys_on_orders_table', 1);

-- --------------------------------------------------------

--
-- Table structure for table `orders`
--

CREATE TABLE IF NOT EXISTS `orders` (
  `id` int(10) unsigned NOT NULL,
  `customer_id` int(10) unsigned DEFAULT NULL,
  `total_price` int(11) NOT NULL,
  `created_at` timestamp NULL DEFAULT NULL,
  `updated_at` timestamp NULL DEFAULT NULL
) ENGINE=InnoDB AUTO_INCREMENT=104 DEFAULT CHARSET=utf8 COLLATE=utf8_unicode_ci;

--
-- Dumping data for table `orders`
--

INSERT INTO `orders` (`id`, `customer_id`, `total_price`, `created_at`, `updated_at`) VALUES
(1, 1, 5483, '2017-05-07 03:07:02', '2017-05-07 03:07:02'),
(2, 1, 14004, '2017-05-07 03:07:02', '2017-05-07 03:07:02'),
(3, 2, 2253, '2017-05-07 03:07:02', '2017-05-07 03:07:02'),
(4, 2, 8512, '2017-05-07 03:07:02', '2017-05-07 03:07:02'),
(5, 3, 7011, '2017-05-07 03:07:02', '2017-05-07 03:07:02'),
(6, 3, 1740, '2017-05-07 03:07:02', '2017-05-07 03:07:02'),
(7, 4, 14121, '2017-05-07 03:07:02', '2017-05-07 03:07:02'),
(8, 4, 10864, '2017-05-07 03:07:02', '2017-05-07 03:07:02'),
(9, 4, 11638, '2017-05-07 03:07:02', '2017-05-07 03:07:02'),
(10, 5, 10211, '2017-05-07 03:07:02', '2017-05-07 03:07:02'),
(11, 5, 13885, '2017-05-07 03:07:02', '2017-05-07 03:07:02'),
(12, 6, 18064, '2017-05-07 03:07:02', '2017-05-07 03:07:02'),
(13, 6, 13995, '2017-05-07 03:07:02', '2017-05-07 03:07:02'),
(14, 7, 6856, '2017-05-07 03:07:02', '2017-05-07 03:07:02'),
(15, 8, 3215, '2017-05-07 03:07:02', '2017-05-07 03:07:02'),
(16, 9, 2496, '2017-05-07 03:07:03', '2017-05-07 03:07:03'),
(17, 9, 2068, '2017-05-07 03:07:03', '2017-05-07 03:07:03'),
(18, 9, 10784, '2017-05-07 03:07:03', '2017-05-07 03:07:03'),
(19, 10, 14762, '2017-05-07 03:07:03', '2017-05-07 03:07:03'),
(20, 10, 9752, '2017-05-07 03:07:03', '2017-05-07 03:07:03'),
(21, 11, 8081, '2017-05-07 03:07:03', '2017-05-07 03:07:03'),
(22, 11, 19921, '2017-05-07 03:07:03', '2017-05-07 03:07:03'),
(23, 11, 19251, '2017-05-07 03:07:03', '2017-05-07 03:07:03'),
(24, 12, 9267, '2017-05-07 03:07:03', '2017-05-07 03:07:03'),
(25, 13, 16021, '2017-05-07 03:07:03', '2017-05-07 03:07:03'),
(26, 13, 8108, '2017-05-07 03:07:03', '2017-05-07 03:07:03'),
(27, 13, 848, '2017-05-07 03:07:03', '2017-05-07 03:07:03'),
(28, 14, 19434, '2017-05-07 03:07:03', '2017-05-07 03:07:03'),
(29, 14, 5932, '2017-05-07 03:07:03', '2017-05-07 03:07:03'),
(30, 14, 8136, '2017-05-07 03:07:03', '2017-05-07 03:07:03'),
(31, 15, 2894, '2017-05-07 03:07:03', '2017-05-07 03:07:03'),
(32, 15, 18774, '2017-05-07 03:07:03', '2017-05-07 03:07:03'),
(33, 16, 16837, '2017-05-07 03:07:03', '2017-05-07 03:07:03'),
(34, 16, 5179, '2017-05-07 03:07:03', '2017-05-07 03:07:03'),
(35, 17, 4755, '2017-05-07 03:07:03', '2017-05-07 03:07:03'),
(36, 17, 12471, '2017-05-07 03:07:03', '2017-05-07 03:07:03'),
(37, 18, 17987, '2017-05-07 03:07:03', '2017-05-07 03:07:03'),
(38, 18, 15542, '2017-05-07 03:07:03', '2017-05-07 03:07:03'),
(39, 18, 12159, '2017-05-07 03:07:03', '2017-05-07 03:07:03'),
(40, 19, 4619, '2017-05-07 03:07:04', '2017-05-07 03:07:04'),
(41, 19, 11212, '2017-05-07 03:07:04', '2017-05-07 03:07:04'),
(42, 20, 8538, '2017-05-07 03:07:04', '2017-05-07 03:07:04'),
(43, 20, 16714, '2017-05-07 03:07:04', '2017-05-07 03:07:04'),
(44, 20, 19281, '2017-05-07 03:07:04', '2017-05-07 03:07:04'),
(45, 21, 8791, '2017-05-07 03:07:04', '2017-05-07 03:07:04'),
(46, 22, 324, '2017-05-07 03:07:04', '2017-05-07 03:07:04'),
(47, 22, 11305, '2017-05-07 03:07:04', '2017-05-07 03:07:04'),
(48, 22, 17315, '2017-05-07 03:07:04', '2017-05-07 03:07:04'),
(49, 23, 14911, '2017-05-07 03:07:04', '2017-05-07 03:07:04'),
(50, 23, 4397, '2017-05-07 03:07:04', '2017-05-07 03:07:04'),
(51, 24, 5723, '2017-05-07 03:07:04', '2017-05-07 03:07:04'),
(52, 24, 4082, '2017-05-07 03:07:04', '2017-05-07 03:07:04'),
(53, 24, 15654, '2017-05-07 03:07:04', '2017-05-07 03:07:04'),
(54, 25, 9578, '2017-05-07 03:07:04', '2017-05-07 03:07:04'),
(55, 25, 14026, '2017-05-07 03:07:04', '2017-05-07 03:07:04'),
(56, 25, 17943, '2017-05-07 03:07:04', '2017-05-07 03:07:04'),
(57, 26, 1872, '2017-05-07 03:07:04', '2017-05-07 03:07:04'),
(58, 27, 3902, '2017-05-07 03:07:04', '2017-05-07 03:07:04'),
(59, 28, 11243, '2017-05-07 03:07:04', '2017-05-07 03:07:04'),
(60, 28, 17441, '2017-05-07 03:07:04', '2017-05-07 03:07:04'),
(61, 29, 2188, '2017-05-07 03:07:04', '2017-05-07 03:07:04'),
(62, 29, 5518, '2017-05-07 03:07:04', '2017-05-07 03:07:04'),
(63, 29, 13738, '2017-05-07 03:07:05', '2017-05-07 03:07:05'),
(64, 30, 19989, '2017-05-07 03:07:05', '2017-05-07 03:07:05'),
(65, 31, 10046, '2017-05-07 03:07:05', '2017-05-07 03:07:05'),
(66, 32, 18642, '2017-05-07 03:07:05', '2017-05-07 03:07:05'),
(67, 33, 11631, '2017-05-07 03:07:05', '2017-05-07 03:07:05'),
(68, 33, 14493, '2017-05-07 03:07:05', '2017-05-07 03:07:05'),
(69, 34, 7203, '2017-05-07 03:07:05', '2017-05-07 03:07:05'),
(70, 34, 4180, '2017-05-07 03:07:05', '2017-05-07 03:07:05'),
(71, 34, 10084, '2017-05-07 03:07:05', '2017-05-07 03:07:05'),
(72, 35, 6440, '2017-05-07 03:07:05', '2017-05-07 03:07:05'),
(73, 35, 12139, '2017-05-07 03:07:05', '2017-05-07 03:07:05'),
(74, 35, 3949, '2017-05-07 03:07:05', '2017-05-07 03:07:05'),
(75, 36, 4037, '2017-05-07 03:07:05', '2017-05-07 03:07:05'),
(76, 37, 17698, '2017-05-07 03:07:05', '2017-05-07 03:07:05'),
(77, 37, 17623, '2017-05-07 03:07:05', '2017-05-07 03:07:05'),
(78, 38, 11160, '2017-05-07 03:07:05', '2017-05-07 03:07:05'),
(79, 39, 10133, '2017-05-07 03:07:05', '2017-05-07 03:07:05'),
(80, 40, 8163, '2017-05-07 03:07:05', '2017-05-07 03:07:05'),
(81, 41, 10195, '2017-05-07 03:07:05', '2017-05-07 03:07:05'),
(82, 41, 8408, '2017-05-07 03:07:05', '2017-05-07 03:07:05'),
(83, 42, 17525, '2017-05-07 03:07:05', '2017-05-07 03:07:05'),
(84, 42, 11749, '2017-05-07 03:07:05', '2017-05-07 03:07:05'),
(85, 43, 5508, '2017-05-07 03:07:05', '2017-05-07 03:07:05'),
(86, 43, 2372, '2017-05-07 03:07:05', '2017-05-07 03:07:05'),
(87, 44, 14085, '2017-05-07 03:07:05', '2017-05-07 03:07:05'),
(88, 44, 505, '2017-05-07 03:07:05', '2017-05-07 03:07:05'),
(89, 44, 3551, '2017-05-07 03:07:06', '2017-05-07 03:07:06'),
(90, 45, 448, '2017-05-07 03:07:06', '2017-05-07 03:07:06'),
(91, 45, 10651, '2017-05-07 03:07:06', '2017-05-07 03:07:06'),
(92, 45, 2209, '2017-05-07 03:07:06', '2017-05-07 03:07:06'),
(93, 46, 11348, '2017-05-07 03:07:06', '2017-05-07 03:07:06'),
(94, 46, 15792, '2017-05-07 03:07:06', '2017-05-07 03:07:06'),
(95, 46, 6640, '2017-05-07 03:07:06', '2017-05-07 03:07:06'),
(96, 47, 10095, '2017-05-07 03:07:06', '2017-05-07 03:07:06'),
(97, 47, 12053, '2017-05-07 03:07:06', '2017-05-07 03:07:06'),
(98, 48, 1010, '2017-05-07 03:07:06', '2017-05-07 03:07:06'),
(99, 48, 16905, '2017-05-07 03:07:06', '2017-05-07 03:07:06'),
(100, 49, 12492, '2017-05-07 03:07:06', '2017-05-07 03:07:06'),
(101, 49, 3406, '2017-05-07 03:07:06', '2017-05-07 03:07:06'),
(102, 50, 8754, '2017-05-08 20:28:50', '2017-05-08 20:28:50'),
(103, 51, 726, '2017-05-08 20:31:47', '2017-05-08 20:31:47');

-- --------------------------------------------------------

--
-- Table structure for table `order_details`
--

CREATE TABLE IF NOT EXISTS `order_details` (
  `id` int(10) unsigned NOT NULL,
  `order_id` int(10) unsigned NOT NULL,
  `product_id` int(10) unsigned DEFAULT NULL,
  `quantity` int(11) NOT NULL,
  `unit_price` int(11) NOT NULL,
  `total_price` int(11) NOT NULL,
  `status` tinyint(1) NOT NULL,
  `created_at` timestamp NULL DEFAULT NULL,
  `updated_at` timestamp NULL DEFAULT NULL
) ENGINE=InnoDB AUTO_INCREMENT=104 DEFAULT CHARSET=utf8 COLLATE=utf8_unicode_ci;

--
-- Dumping data for table `order_details`
--

INSERT INTO `order_details` (`id`, `order_id`, `product_id`, `quantity`, `unit_price`, `total_price`, `status`, `created_at`, `updated_at`) VALUES
(1, 1, 5, 2, 940, 8012, 1, '2017-05-07 03:07:06', '2017-05-07 03:07:06'),
(2, 2, 7, 3, 3646, 9089, 1, '2017-05-07 03:07:06', '2017-05-07 03:07:06'),
(3, 3, 5, 1, 940, 4870, 1, '2017-05-07 03:07:06', '2017-05-07 03:07:06'),
(4, 4, 6, 2, 3898, 4327, 1, '2017-05-07 03:07:06', '2017-05-07 03:07:06'),
(5, 5, 5, 3, 940, 2095, 1, '2017-05-07 03:07:06', '2017-05-07 03:07:06'),
(6, 6, 7, 2, 3646, 5568, 0, '2017-05-07 03:07:06', '2017-05-07 03:07:06'),
(7, 7, 10, 2, 8411, 6230, 0, '2017-05-07 03:07:06', '2017-05-07 03:07:06'),
(8, 8, 4, 1, 1234, 3879, 0, '2017-05-07 03:07:06', '2017-05-07 03:07:06'),
(9, 9, 6, 1, 3898, 8878, 0, '2017-05-07 03:07:07', '2017-05-07 03:07:07'),
(10, 10, 4, 2, 1234, 6219, 0, '2017-05-07 03:07:07', '2017-05-07 03:07:07'),
(11, 11, 5, 3, 940, 7365, 1, '2017-05-07 03:07:07', '2017-05-07 03:07:07'),
(12, 12, 5, 3, 940, 1700, 1, '2017-05-07 03:07:07', '2017-05-07 03:07:07'),
(13, 13, 9, 2, 3913, 4468, 0, '2017-05-07 03:07:07', '2017-05-07 03:07:07'),
(14, 14, 5, 1, 940, 6487, 0, '2017-05-07 03:07:07', '2017-05-07 03:07:07'),
(15, 15, 10, 2, 8411, 4406, 0, '2017-05-07 03:07:07', '2017-05-07 03:07:07'),
(16, 16, 2, 2, 8367, 7111, 0, '2017-05-07 03:07:07', '2017-05-07 03:07:07'),
(17, 17, 4, 3, 1234, 2435, 1, '2017-05-07 03:07:07', '2017-05-07 03:07:07'),
(18, 18, 3, 2, 7235, 8543, 0, '2017-05-07 03:07:07', '2017-05-07 03:07:07'),
(19, 19, 2, 3, 8367, 4285, 1, '2017-05-07 03:07:07', '2017-05-07 03:07:07'),
(20, 20, 6, 3, 3898, 2237, 1, '2017-05-07 03:07:07', '2017-05-07 03:07:07'),
(21, 21, 4, 3, 1234, 1880, 0, '2017-05-07 03:07:07', '2017-05-07 03:07:07'),
(22, 22, 7, 1, 3646, 2686, 1, '2017-05-07 03:07:07', '2017-05-07 03:07:07'),
(23, 23, 5, 3, 940, 9217, 1, '2017-05-07 03:07:07', '2017-05-07 03:07:07'),
(24, 24, 2, 3, 8367, 8177, 1, '2017-05-07 03:07:07', '2017-05-07 03:07:07'),
(25, 25, 7, 2, 3646, 4873, 0, '2017-05-07 03:07:07', '2017-05-07 03:07:07'),
(26, 26, 8, 1, 3638, 476, 0, '2017-05-07 03:07:07', '2017-05-07 03:07:07'),
(27, 27, 1, 2, 5863, 326, 0, '2017-05-07 03:07:07', '2017-05-07 03:07:07'),
(28, 28, 7, 1, 3646, 7496, 1, '2017-05-07 03:07:07', '2017-05-07 03:07:07'),
(29, 29, 1, 3, 5863, 1160, 1, '2017-05-07 03:07:07', '2017-05-07 03:07:07'),
(30, 30, 7, 3, 3646, 8278, 0, '2017-05-07 03:07:07', '2017-05-07 03:07:07'),
(31, 31, 1, 1, 5863, 2405, 0, '2017-05-07 03:07:07', '2017-05-07 03:07:07'),
(32, 32, 1, 2, 5863, 3978, 1, '2017-05-07 03:07:07', '2017-05-07 03:07:07'),
(33, 33, 4, 3, 1234, 7195, 1, '2017-05-07 03:07:07', '2017-05-07 03:07:07'),
(34, 34, 5, 1, 940, 4405, 0, '2017-05-07 03:07:07', '2017-05-07 03:07:07'),
(35, 35, 9, 2, 3913, 4413, 0, '2017-05-07 03:07:08', '2017-05-07 03:07:08'),
(36, 36, 3, 3, 7235, 5221, 1, '2017-05-07 03:07:08', '2017-05-07 03:07:08'),
(37, 37, 7, 2, 3646, 5725, 0, '2017-05-07 03:07:08', '2017-05-07 03:07:08'),
(38, 38, 9, 3, 3913, 5685, 0, '2017-05-07 03:07:08', '2017-05-07 03:07:08'),
(39, 39, 6, 3, 3898, 3382, 0, '2017-05-07 03:07:08', '2017-05-07 03:07:08'),
(40, 40, 8, 3, 3638, 4464, 1, '2017-05-07 03:07:08', '2017-05-07 03:07:08'),
(41, 41, 4, 3, 1234, 6018, 1, '2017-05-07 03:07:08', '2017-05-07 03:07:08'),
(42, 42, 5, 2, 940, 6175, 1, '2017-05-07 03:07:08', '2017-05-07 03:07:08'),
(43, 43, 5, 1, 940, 2136, 1, '2017-05-07 03:07:08', '2017-05-07 03:07:08'),
(44, 44, 5, 3, 940, 6509, 0, '2017-05-07 03:07:08', '2017-05-07 03:07:08'),
(45, 45, 7, 2, 3646, 9154, 1, '2017-05-07 03:07:08', '2017-05-07 03:07:08'),
(46, 46, 10, 1, 8411, 6442, 1, '2017-05-07 03:07:08', '2017-05-07 03:07:08'),
(47, 47, 5, 1, 940, 5800, 0, '2017-05-07 03:07:08', '2017-05-07 03:07:08'),
(48, 48, 8, 2, 3638, 2044, 0, '2017-05-07 03:07:08', '2017-05-07 03:07:08'),
(49, 49, 2, 1, 8367, 8481, 0, '2017-05-07 03:07:08', '2017-05-07 03:07:08'),
(50, 50, 1, 3, 5863, 6001, 1, '2017-05-07 03:07:08', '2017-05-07 03:07:08'),
(51, 51, 2, 3, 8367, 2565, 1, '2017-05-07 03:07:08', '2017-05-07 03:07:08'),
(52, 52, 2, 1, 8367, 5341, 0, '2017-05-07 03:07:08', '2017-05-07 03:07:08'),
(53, 53, 7, 3, 3646, 4067, 1, '2017-05-07 03:07:08', '2017-05-07 03:07:08'),
(54, 54, 8, 1, 3638, 7151, 1, '2017-05-07 03:07:08', '2017-05-07 03:07:08'),
(55, 55, 5, 1, 940, 9021, 0, '2017-05-07 03:07:08', '2017-05-07 03:07:08'),
(56, 56, 1, 3, 5863, 7697, 0, '2017-05-07 03:07:08', '2017-05-07 03:07:08'),
(57, 57, 3, 2, 7235, 7674, 0, '2017-05-07 03:07:08', '2017-05-07 03:07:08'),
(58, 58, 3, 3, 7235, 8221, 1, '2017-05-07 03:07:08', '2017-05-07 03:07:08'),
(59, 59, 8, 2, 3638, 182, 0, '2017-05-07 03:07:08', '2017-05-07 03:07:08'),
(60, 60, 3, 1, 7235, 4168, 1, '2017-05-07 03:07:09', '2017-05-07 03:07:09'),
(61, 61, 1, 1, 5863, 2273, 0, '2017-05-07 03:07:09', '2017-05-07 03:07:09'),
(62, 62, 7, 1, 3646, 1915, 0, '2017-05-07 03:07:09', '2017-05-07 03:07:09'),
(63, 63, 10, 2, 8411, 4367, 0, '2017-05-07 03:07:09', '2017-05-07 03:07:09'),
(64, 64, 1, 1, 5863, 7611, 1, '2017-05-07 03:07:09', '2017-05-07 03:07:09'),
(65, 65, 4, 2, 1234, 8536, 1, '2017-05-07 03:07:09', '2017-05-07 03:07:09'),
(66, 66, 7, 2, 3646, 4476, 1, '2017-05-07 03:07:09', '2017-05-07 03:07:09'),
(67, 67, 5, 1, 940, 2410, 0, '2017-05-07 03:07:09', '2017-05-07 03:07:09'),
(68, 68, 6, 1, 3898, 813, 1, '2017-05-07 03:07:09', '2017-05-07 03:07:09'),
(69, 69, 3, 1, 7235, 5650, 0, '2017-05-07 03:07:09', '2017-05-07 03:07:09'),
(70, 70, 6, 3, 3898, 5633, 1, '2017-05-07 03:07:09', '2017-05-07 03:07:09'),
(71, 71, 5, 3, 940, 1370, 1, '2017-05-07 03:07:09', '2017-05-07 03:07:09'),
(72, 72, 5, 3, 940, 5319, 0, '2017-05-07 03:07:09', '2017-05-07 03:07:09'),
(73, 73, 8, 3, 3638, 4381, 0, '2017-05-07 03:07:09', '2017-05-07 03:07:09'),
(74, 74, 4, 2, 1234, 9223, 0, '2017-05-07 03:07:09', '2017-05-07 03:07:09'),
(75, 75, 5, 1, 940, 8495, 1, '2017-05-07 03:07:09', '2017-05-07 03:07:09'),
(76, 76, 2, 3, 8367, 2858, 0, '2017-05-07 03:07:09', '2017-05-07 03:07:09'),
(77, 77, 1, 3, 5863, 7426, 0, '2017-05-07 03:07:09', '2017-05-07 03:07:09'),
(78, 78, 1, 1, 5863, 5775, 0, '2017-05-07 03:07:09', '2017-05-07 03:07:09'),
(79, 79, 10, 1, 8411, 9945, 1, '2017-05-07 03:07:09', '2017-05-07 03:07:09'),
(80, 80, 9, 3, 3913, 891, 1, '2017-05-07 03:07:09', '2017-05-07 03:07:09'),
(81, 81, 7, 3, 3646, 5699, 0, '2017-05-07 03:07:09', '2017-05-07 03:07:09'),
(82, 82, 4, 1, 1234, 1878, 1, '2017-05-07 03:07:10', '2017-05-07 03:07:10'),
(83, 83, 4, 3, 1234, 5547, 1, '2017-05-07 03:07:10', '2017-05-07 03:07:10'),
(84, 84, 10, 2, 8411, 1155, 0, '2017-05-07 03:07:10', '2017-05-07 03:07:10'),
(85, 85, 8, 2, 3638, 1173, 1, '2017-05-07 03:07:10', '2017-05-07 03:07:10'),
(86, 86, 2, 1, 8367, 8790, 0, '2017-05-07 03:07:10', '2017-05-07 03:07:10'),
(87, 87, 3, 2, 7235, 9784, 0, '2017-05-07 03:07:10', '2017-05-07 03:07:10'),
(88, 88, 5, 2, 940, 2060, 1, '2017-05-07 03:07:10', '2017-05-07 03:07:10'),
(89, 89, 9, 3, 3913, 7734, 0, '2017-05-07 03:07:10', '2017-05-07 03:07:10'),
(90, 90, 2, 1, 8367, 9101, 0, '2017-05-07 03:07:10', '2017-05-07 03:07:10'),
(91, 91, 6, 1, 3898, 4451, 1, '2017-05-07 03:07:10', '2017-05-07 03:07:10'),
(92, 92, 2, 3, 8367, 5302, 1, '2017-05-07 03:07:10', '2017-05-07 03:07:10'),
(93, 93, 5, 1, 940, 6404, 1, '2017-05-07 03:07:10', '2017-05-07 03:07:10'),
(94, 94, 7, 3, 3646, 7309, 1, '2017-05-07 03:07:10', '2017-05-07 03:07:10'),
(95, 95, 7, 2, 3646, 3502, 1, '2017-05-07 03:07:10', '2017-05-07 03:07:10'),
(96, 96, 7, 2, 3646, 8916, 0, '2017-05-07 03:07:10', '2017-05-07 03:07:10'),
(97, 97, 1, 2, 5863, 4570, 1, '2017-05-07 03:07:10', '2017-05-07 03:07:10'),
(98, 98, 6, 2, 3898, 4840, 1, '2017-05-07 03:07:10', '2017-05-07 03:07:10'),
(99, 99, 4, 2, 1234, 7687, 1, '2017-05-07 03:07:10', '2017-05-07 03:07:10'),
(100, 100, 2, 2, 8367, 5674, 0, '2017-05-07 03:07:11', '2017-05-07 03:07:11'),
(101, 101, 10, 3, 8411, 1768, 0, '2017-05-07 03:07:11', '2017-05-07 03:07:11'),
(102, 102, 3, 1, 7235, 7235, 0, '2017-05-08 20:28:50', '2017-05-08 20:28:50'),
(103, 103, 11, 4, 150, 600, 0, '2017-05-08 20:31:47', '2017-05-08 20:31:47');

-- --------------------------------------------------------

--
-- Table structure for table `password_resets`
--

CREATE TABLE IF NOT EXISTS `password_resets` (
  `email` varchar(255) COLLATE utf8_unicode_ci NOT NULL,
  `token` varchar(255) COLLATE utf8_unicode_ci NOT NULL,
  `created_at` timestamp NULL DEFAULT NULL
) ENGINE=InnoDB DEFAULT CHARSET=utf8 COLLATE=utf8_unicode_ci;

-- --------------------------------------------------------

--
-- Table structure for table `products`
--

CREATE TABLE IF NOT EXISTS `products` (
  `id` int(10) unsigned NOT NULL,
  `name` varchar(255) COLLATE utf8_unicode_ci NOT NULL,
  `image` varchar(255) COLLATE utf8_unicode_ci NOT NULL,
  `description` text COLLATE utf8_unicode_ci NOT NULL,
  `unit_price` int(11) NOT NULL,
  `available_quantity` int(11) NOT NULL,
  `category_id` int(10) unsigned DEFAULT NULL,
  `owner_id` int(10) unsigned NOT NULL,
  `status` tinyint(1) NOT NULL,
  `created_at` timestamp NULL DEFAULT NULL,
  `updated_at` timestamp NULL DEFAULT NULL
) ENGINE=InnoDB AUTO_INCREMENT=19 DEFAULT CHARSET=utf8 COLLATE=utf8_unicode_ci;

--
-- Dumping data for table `products`
--

INSERT INTO `products` (`id`, `name`, `image`, `description`, `unit_price`, `available_quantity`, `category_id`, `owner_id`, `status`, `created_at`, `updated_at`) VALUES
(1, '#3292a6', 'http://lorempixel.com/640/480/?39415', 'Omnis iusto velit quo iure ut eaque voluptate. Laudantium consectetur explicabo qui veritatis ea dolore. Veniam praesentium nihil ut. Excepturi cupiditate molestias tempore.', 5863, 19, 1, 28, 1, '2017-05-07 03:07:00', '2017-05-07 03:07:00'),
(2, '#73bc9e', 'http://lorempixel.com/640/480/?82075', 'Ut et illum velit dolores. Aut ad consequuntur impedit dolorum atque molestiae illum. Sapiente consequatur aspernatur voluptas qui ut quidem labore magni. Voluptatem repellat et ipsa pariatur distinctio.', 8367, 39, 2, 31, 1, '2017-05-07 03:07:00', '2017-05-07 03:07:00'),
(3, '#bb42d9', 'http://lorempixel.com/640/480/?86214', 'Minus harum quisquam error aut distinctio voluptatem. Sint est vel reprehenderit. Ducimus aut recusandae minima reprehenderit dolores sint.', 7235, 26, 3, 49, 0, '2017-05-07 03:07:00', '2017-05-07 03:07:00'),
(4, '#c19e3e', 'http://lorempixel.com/640/480/?84638', 'Quis officiis minus iure dolorem. Deleniti omnis officia qui. Tempora quia amet eaque eos corrupti rem. Esse non qui in ut ut.', 1234, 17, 4, 9, 0, '2017-05-07 03:07:00', '2017-05-07 03:07:00'),
(5, '#698c01', 'http://lorempixel.com/640/480/?43643', 'Dignissimos quos quod vitae dolor itaque quos eum. Necessitatibus ab quis qui sapiente. Itaque aut eligendi odio laudantium vel iure. Laborum dignissimos vel labore sunt eos earum illo.', 940, 23, 5, 33, 0, '2017-05-07 03:07:00', '2017-05-07 03:07:00'),
(6, '#f4d789', 'http://lorempixel.com/640/480/?35396', 'Fugiat omnis dolores quaerat consectetur. Incidunt sed quia voluptas ex et est maiores. Unde blanditiis tempore asperiores tenetur. Officiis qui harum veniam et iure nemo quia.', 3898, 18, 6, 13, 1, '2017-05-07 03:07:00', '2017-05-07 03:07:00'),
(7, '#f09a23', 'http://lorempixel.com/640/480/?28896', 'Amet mollitia illum quae soluta sunt et. Aut perspiciatis ad cum nostrum. Suscipit libero vitae dicta autem quia. Neque saepe saepe vel cum architecto sit.', 3646, 5, 7, 2, 1, '2017-05-07 03:07:00', '2017-05-07 03:07:00'),
(8, '#b6bfc2', 'http://lorempixel.com/640/480/?32591', 'Et enim harum soluta delectus qui. Saepe eos laudantium aut architecto inventore. Omnis ex quisquam ab vel. Autem aut voluptate aut blanditiis.', 3638, 33, 8, 13, 1, '2017-05-07 03:07:00', '2017-05-07 03:07:00'),
(9, '#5eed8d', 'http://lorempixel.com/640/480/?62975', 'Voluptas nihil sit voluptatem architecto sit aut quidem. Quibusdam nobis dolor aliquam repellat sunt. Laboriosam non est quos et magni eum et cum. Dolores fuga et consequatur illum et voluptates dolores neque. Soluta voluptatem deleniti aut mollitia et ab.', 3913, 47, 9, 31, 0, '2017-05-07 03:07:00', '2017-05-07 03:07:00'),
(10, '#f0af84', 'http://lorempixel.com/640/480/?37587', 'Sequi sint quam laudantium porro. Voluptatem quo iure in corporis esse omnis. Quibusdam animi sed autem eos cum amet temporibus.', 8411, 1, 10, 48, 1, '2017-05-07 03:07:00', '2017-05-07 03:07:00'),
(11, 'Chicken Fry', '/images/products/37214149414976850.jpg', 'Tasty Chicken Leg Piece better than KFC.', 150, 20, 4, 50, 1, '2017-05-07 03:36:08', '2017-05-07 03:36:23'),
(13, 'Beer', '/images/products/65781149415733251.png', 'lorem Ipsum', 1200, 10, 6, 51, 1, '2017-05-07 05:42:12', '2017-05-07 06:08:00'),
(14, 'test', '/images/products/16025149514199650.png', 'lorem ipsun\r\n', 34, 3, 3, 50, 0, '2017-05-18 15:13:16', '2017-05-18 15:13:16'),
(15, 'test2', 'images/products/76362149514239350.jpg', 'dfdscjdkscsm', 244, 43, 5, 50, 0, '2017-05-18 15:19:53', '2017-05-18 15:19:53'),
(16, 'test 3', '../images/products/63428149514278050.jpg', 'Chicken Wings', 234, 50, 4, 50, 0, '2017-05-18 15:26:20', '2017-05-18 15:26:20'),
(17, 'test4', '/images/products/64332149514294250.jpg', 'salmon fish', 876, 23, 10, 50, 0, '2017-05-18 15:29:02', '2017-05-18 15:29:02'),
(18, 'nebir', '/images/products/61277149521252150.jpg', 'ewsdftvbj', 2345, 34, 5, 50, 0, '2017-05-19 10:48:41', '2017-05-19 10:48:41');

-- --------------------------------------------------------

--
-- Table structure for table `product_tag`
--

CREATE TABLE IF NOT EXISTS `product_tag` (
  `id` int(10) unsigned NOT NULL,
  `product_id` int(10) unsigned NOT NULL,
  `tag_id` int(10) unsigned NOT NULL,
  `created_at` timestamp NULL DEFAULT NULL,
  `updated_at` timestamp NULL DEFAULT NULL
) ENGINE=InnoDB AUTO_INCREMENT=413 DEFAULT CHARSET=utf8 COLLATE=utf8_unicode_ci;

--
-- Dumping data for table `product_tag`
--

INSERT INTO `product_tag` (`id`, `product_id`, `tag_id`, `created_at`, `updated_at`) VALUES
(1, 1, 23, '2017-05-07 03:07:00', '2017-05-07 03:07:00'),
(2, 2, 27, '2017-05-07 03:07:01', '2017-05-07 03:07:01'),
(3, 2, 28, '2017-05-07 03:07:01', '2017-05-07 03:07:01'),
(4, 3, 16, '2017-05-07 03:07:01', '2017-05-07 03:07:01'),
(5, 3, 24, '2017-05-07 03:07:01', '2017-05-07 03:07:01'),
(6, 4, 14, '2017-05-07 03:07:01', '2017-05-07 03:07:01'),
(7, 4, 17, '2017-05-07 03:07:01', '2017-05-07 03:07:01'),
(8, 5, 27, '2017-05-07 03:07:01', '2017-05-07 03:07:01'),
(9, 5, 8, '2017-05-07 03:07:01', '2017-05-07 03:07:01'),
(10, 5, 37, '2017-05-07 03:07:01', '2017-05-07 03:07:01'),
(11, 6, 15, '2017-05-07 03:07:01', '2017-05-07 03:07:01'),
(12, 7, 25, '2017-05-07 03:07:01', '2017-05-07 03:07:01'),
(13, 7, 30, '2017-05-07 03:07:02', '2017-05-07 03:07:02'),
(14, 8, 11, '2017-05-07 03:07:02', '2017-05-07 03:07:02'),
(15, 8, 16, '2017-05-07 03:07:02', '2017-05-07 03:07:02'),
(16, 8, 26, '2017-05-07 03:07:02', '2017-05-07 03:07:02'),
(17, 9, 28, '2017-05-07 03:07:02', '2017-05-07 03:07:02'),
(18, 9, 13, '2017-05-07 03:07:02', '2017-05-07 03:07:02'),
(19, 10, 7, '2017-05-07 03:07:02', '2017-05-07 03:07:02'),
(20, 10, 33, '2017-05-07 03:07:02', '2017-05-07 03:07:02'),
(21, 11, 1, NULL, NULL),
(22, 11, 2, NULL, NULL),
(23, 11, 3, NULL, NULL),
(24, 11, 4, NULL, NULL),
(25, 11, 5, NULL, NULL),
(26, 11, 6, NULL, NULL),
(27, 11, 7, NULL, NULL),
(28, 11, 8, NULL, NULL),
(29, 11, 9, NULL, NULL),
(30, 11, 10, NULL, NULL),
(31, 11, 11, NULL, NULL),
(32, 11, 12, NULL, NULL),
(33, 11, 13, NULL, NULL),
(34, 11, 14, NULL, NULL),
(35, 11, 15, NULL, NULL),
(36, 11, 16, NULL, NULL),
(37, 11, 17, NULL, NULL),
(38, 11, 18, NULL, NULL),
(39, 11, 19, NULL, NULL),
(40, 11, 20, NULL, NULL),
(41, 11, 21, NULL, NULL),
(42, 11, 22, NULL, NULL),
(43, 11, 23, NULL, NULL),
(44, 11, 24, NULL, NULL),
(45, 11, 25, NULL, NULL),
(46, 11, 26, NULL, NULL),
(47, 11, 27, NULL, NULL),
(48, 11, 28, NULL, NULL),
(49, 11, 29, NULL, NULL),
(50, 11, 30, NULL, NULL),
(51, 11, 31, NULL, NULL),
(52, 11, 32, NULL, NULL),
(53, 11, 33, NULL, NULL),
(54, 11, 34, NULL, NULL),
(55, 11, 35, NULL, NULL),
(56, 11, 36, NULL, NULL),
(57, 11, 37, NULL, NULL),
(58, 11, 38, NULL, NULL),
(59, 11, 39, NULL, NULL),
(60, 11, 40, NULL, NULL),
(61, 11, 41, NULL, NULL),
(62, 11, 42, NULL, NULL),
(63, 11, 43, NULL, NULL),
(64, 11, 44, NULL, NULL),
(65, 11, 45, NULL, NULL),
(66, 11, 46, NULL, NULL),
(67, 11, 47, NULL, NULL),
(68, 11, 48, NULL, NULL),
(69, 11, 49, NULL, NULL),
(119, 13, 1, NULL, NULL),
(120, 13, 2, NULL, NULL),
(121, 13, 3, NULL, NULL),
(122, 13, 4, NULL, NULL),
(123, 13, 5, NULL, NULL),
(124, 13, 6, NULL, NULL),
(125, 13, 7, NULL, NULL),
(126, 13, 8, NULL, NULL),
(127, 13, 9, NULL, NULL),
(128, 13, 10, NULL, NULL),
(129, 13, 11, NULL, NULL),
(130, 13, 12, NULL, NULL),
(131, 13, 13, NULL, NULL),
(132, 13, 14, NULL, NULL),
(133, 13, 15, NULL, NULL),
(134, 13, 16, NULL, NULL),
(135, 13, 17, NULL, NULL),
(136, 13, 18, NULL, NULL),
(137, 13, 19, NULL, NULL),
(138, 13, 20, NULL, NULL),
(139, 13, 21, NULL, NULL),
(140, 13, 22, NULL, NULL),
(141, 13, 23, NULL, NULL),
(142, 13, 24, NULL, NULL),
(143, 13, 25, NULL, NULL),
(144, 13, 26, NULL, NULL),
(145, 13, 27, NULL, NULL),
(146, 13, 28, NULL, NULL),
(147, 13, 29, NULL, NULL),
(148, 13, 30, NULL, NULL),
(149, 13, 31, NULL, NULL),
(150, 13, 32, NULL, NULL),
(151, 13, 33, NULL, NULL),
(152, 13, 34, NULL, NULL),
(153, 13, 35, NULL, NULL),
(154, 13, 36, NULL, NULL),
(155, 13, 37, NULL, NULL),
(156, 13, 38, NULL, NULL),
(157, 13, 39, NULL, NULL),
(158, 13, 40, NULL, NULL),
(159, 13, 41, NULL, NULL),
(160, 13, 42, NULL, NULL),
(161, 13, 43, NULL, NULL),
(162, 13, 44, NULL, NULL),
(163, 13, 45, NULL, NULL),
(164, 13, 46, NULL, NULL),
(165, 13, 47, NULL, NULL),
(166, 13, 48, NULL, NULL),
(167, 13, 49, NULL, NULL),
(168, 14, 1, NULL, NULL),
(169, 14, 2, NULL, NULL),
(170, 14, 3, NULL, NULL),
(171, 14, 4, NULL, NULL),
(172, 14, 5, NULL, NULL),
(173, 14, 6, NULL, NULL),
(174, 14, 7, NULL, NULL),
(175, 14, 8, NULL, NULL),
(176, 14, 9, NULL, NULL),
(177, 14, 10, NULL, NULL),
(178, 14, 11, NULL, NULL),
(179, 14, 12, NULL, NULL),
(180, 14, 13, NULL, NULL),
(181, 14, 14, NULL, NULL),
(182, 14, 15, NULL, NULL),
(183, 14, 16, NULL, NULL),
(184, 14, 17, NULL, NULL),
(185, 14, 18, NULL, NULL),
(186, 14, 19, NULL, NULL),
(187, 14, 20, NULL, NULL),
(188, 14, 21, NULL, NULL),
(189, 14, 22, NULL, NULL),
(190, 14, 23, NULL, NULL),
(191, 14, 24, NULL, NULL),
(192, 14, 25, NULL, NULL),
(193, 14, 26, NULL, NULL),
(194, 14, 27, NULL, NULL),
(195, 14, 28, NULL, NULL),
(196, 14, 29, NULL, NULL),
(197, 14, 30, NULL, NULL),
(198, 14, 31, NULL, NULL),
(199, 14, 32, NULL, NULL),
(200, 14, 33, NULL, NULL),
(201, 14, 34, NULL, NULL),
(202, 14, 35, NULL, NULL),
(203, 14, 36, NULL, NULL),
(204, 14, 37, NULL, NULL),
(205, 14, 38, NULL, NULL),
(206, 14, 39, NULL, NULL),
(207, 14, 40, NULL, NULL),
(208, 14, 41, NULL, NULL),
(209, 14, 42, NULL, NULL),
(210, 14, 43, NULL, NULL),
(211, 14, 44, NULL, NULL),
(212, 14, 45, NULL, NULL),
(213, 14, 46, NULL, NULL),
(214, 14, 47, NULL, NULL),
(215, 14, 48, NULL, NULL),
(216, 14, 49, NULL, NULL),
(217, 15, 1, NULL, NULL),
(218, 15, 2, NULL, NULL),
(219, 15, 3, NULL, NULL),
(220, 15, 4, NULL, NULL),
(221, 15, 5, NULL, NULL),
(222, 15, 6, NULL, NULL),
(223, 15, 7, NULL, NULL),
(224, 15, 8, NULL, NULL),
(225, 15, 9, NULL, NULL),
(226, 15, 10, NULL, NULL),
(227, 15, 11, NULL, NULL),
(228, 15, 12, NULL, NULL),
(229, 15, 13, NULL, NULL),
(230, 15, 14, NULL, NULL),
(231, 15, 15, NULL, NULL),
(232, 15, 16, NULL, NULL),
(233, 15, 17, NULL, NULL),
(234, 15, 18, NULL, NULL),
(235, 15, 19, NULL, NULL),
(236, 15, 20, NULL, NULL),
(237, 15, 21, NULL, NULL),
(238, 15, 22, NULL, NULL),
(239, 15, 23, NULL, NULL),
(240, 15, 24, NULL, NULL),
(241, 15, 25, NULL, NULL),
(242, 15, 26, NULL, NULL),
(243, 15, 27, NULL, NULL),
(244, 15, 28, NULL, NULL),
(245, 15, 29, NULL, NULL),
(246, 15, 30, NULL, NULL),
(247, 15, 31, NULL, NULL),
(248, 15, 32, NULL, NULL),
(249, 15, 33, NULL, NULL),
(250, 15, 34, NULL, NULL),
(251, 15, 35, NULL, NULL),
(252, 15, 36, NULL, NULL),
(253, 15, 37, NULL, NULL),
(254, 15, 38, NULL, NULL),
(255, 15, 39, NULL, NULL),
(256, 15, 40, NULL, NULL),
(257, 15, 41, NULL, NULL),
(258, 15, 42, NULL, NULL),
(259, 15, 43, NULL, NULL),
(260, 15, 44, NULL, NULL),
(261, 15, 45, NULL, NULL),
(262, 15, 46, NULL, NULL),
(263, 15, 47, NULL, NULL),
(264, 15, 48, NULL, NULL),
(265, 15, 49, NULL, NULL),
(266, 16, 1, NULL, NULL),
(267, 16, 2, NULL, NULL),
(268, 16, 3, NULL, NULL),
(269, 16, 4, NULL, NULL),
(270, 16, 5, NULL, NULL),
(271, 16, 6, NULL, NULL),
(272, 16, 7, NULL, NULL),
(273, 16, 8, NULL, NULL),
(274, 16, 9, NULL, NULL),
(275, 16, 10, NULL, NULL),
(276, 16, 11, NULL, NULL),
(277, 16, 12, NULL, NULL),
(278, 16, 13, NULL, NULL),
(279, 16, 14, NULL, NULL),
(280, 16, 15, NULL, NULL),
(281, 16, 16, NULL, NULL),
(282, 16, 17, NULL, NULL),
(283, 16, 18, NULL, NULL),
(284, 16, 19, NULL, NULL),
(285, 16, 20, NULL, NULL),
(286, 16, 21, NULL, NULL),
(287, 16, 22, NULL, NULL),
(288, 16, 23, NULL, NULL),
(289, 16, 24, NULL, NULL),
(290, 16, 25, NULL, NULL),
(291, 16, 26, NULL, NULL),
(292, 16, 27, NULL, NULL),
(293, 16, 28, NULL, NULL),
(294, 16, 29, NULL, NULL),
(295, 16, 30, NULL, NULL),
(296, 16, 31, NULL, NULL),
(297, 16, 32, NULL, NULL),
(298, 16, 33, NULL, NULL),
(299, 16, 34, NULL, NULL),
(300, 16, 35, NULL, NULL),
(301, 16, 36, NULL, NULL),
(302, 16, 37, NULL, NULL),
(303, 16, 38, NULL, NULL),
(304, 16, 39, NULL, NULL),
(305, 16, 40, NULL, NULL),
(306, 16, 41, NULL, NULL),
(307, 16, 42, NULL, NULL),
(308, 16, 43, NULL, NULL),
(309, 16, 44, NULL, NULL),
(310, 16, 45, NULL, NULL),
(311, 16, 46, NULL, NULL),
(312, 16, 47, NULL, NULL),
(313, 16, 48, NULL, NULL),
(314, 16, 49, NULL, NULL),
(315, 17, 1, NULL, NULL),
(316, 17, 2, NULL, NULL),
(317, 17, 3, NULL, NULL),
(318, 17, 4, NULL, NULL),
(319, 17, 5, NULL, NULL),
(320, 17, 6, NULL, NULL),
(321, 17, 7, NULL, NULL),
(322, 17, 8, NULL, NULL),
(323, 17, 9, NULL, NULL),
(324, 17, 10, NULL, NULL),
(325, 17, 11, NULL, NULL),
(326, 17, 12, NULL, NULL),
(327, 17, 13, NULL, NULL),
(328, 17, 14, NULL, NULL),
(329, 17, 15, NULL, NULL),
(330, 17, 16, NULL, NULL),
(331, 17, 17, NULL, NULL),
(332, 17, 18, NULL, NULL),
(333, 17, 19, NULL, NULL),
(334, 17, 20, NULL, NULL),
(335, 17, 21, NULL, NULL),
(336, 17, 22, NULL, NULL),
(337, 17, 23, NULL, NULL),
(338, 17, 24, NULL, NULL),
(339, 17, 25, NULL, NULL),
(340, 17, 26, NULL, NULL),
(341, 17, 27, NULL, NULL),
(342, 17, 28, NULL, NULL),
(343, 17, 29, NULL, NULL),
(344, 17, 30, NULL, NULL),
(345, 17, 31, NULL, NULL),
(346, 17, 32, NULL, NULL),
(347, 17, 33, NULL, NULL),
(348, 17, 34, NULL, NULL),
(349, 17, 35, NULL, NULL),
(350, 17, 36, NULL, NULL),
(351, 17, 37, NULL, NULL),
(352, 17, 38, NULL, NULL),
(353, 17, 39, NULL, NULL),
(354, 17, 40, NULL, NULL),
(355, 17, 41, NULL, NULL),
(356, 17, 42, NULL, NULL),
(357, 17, 43, NULL, NULL),
(358, 17, 44, NULL, NULL),
(359, 17, 45, NULL, NULL),
(360, 17, 46, NULL, NULL),
(361, 17, 47, NULL, NULL),
(362, 17, 48, NULL, NULL),
(363, 17, 49, NULL, NULL),
(364, 18, 1, NULL, NULL),
(365, 18, 2, NULL, NULL),
(366, 18, 3, NULL, NULL),
(367, 18, 4, NULL, NULL),
(368, 18, 5, NULL, NULL),
(369, 18, 6, NULL, NULL),
(370, 18, 7, NULL, NULL),
(371, 18, 8, NULL, NULL),
(372, 18, 9, NULL, NULL),
(373, 18, 10, NULL, NULL),
(374, 18, 11, NULL, NULL),
(375, 18, 12, NULL, NULL),
(376, 18, 13, NULL, NULL),
(377, 18, 14, NULL, NULL),
(378, 18, 15, NULL, NULL),
(379, 18, 16, NULL, NULL),
(380, 18, 17, NULL, NULL),
(381, 18, 18, NULL, NULL),
(382, 18, 19, NULL, NULL),
(383, 18, 20, NULL, NULL),
(384, 18, 21, NULL, NULL),
(385, 18, 22, NULL, NULL),
(386, 18, 23, NULL, NULL),
(387, 18, 24, NULL, NULL),
(388, 18, 25, NULL, NULL),
(389, 18, 26, NULL, NULL),
(390, 18, 27, NULL, NULL),
(391, 18, 28, NULL, NULL),
(392, 18, 29, NULL, NULL),
(393, 18, 30, NULL, NULL),
(394, 18, 31, NULL, NULL),
(395, 18, 32, NULL, NULL),
(396, 18, 33, NULL, NULL),
(397, 18, 34, NULL, NULL),
(398, 18, 35, NULL, NULL),
(399, 18, 36, NULL, NULL),
(400, 18, 37, NULL, NULL),
(401, 18, 38, NULL, NULL),
(402, 18, 39, NULL, NULL),
(403, 18, 40, NULL, NULL),
(404, 18, 41, NULL, NULL),
(405, 18, 42, NULL, NULL),
(406, 18, 43, NULL, NULL),
(407, 18, 44, NULL, NULL),
(408, 18, 45, NULL, NULL),
(409, 18, 46, NULL, NULL),
(410, 18, 47, NULL, NULL),
(411, 18, 48, NULL, NULL),
(412, 18, 49, NULL, NULL);

-- --------------------------------------------------------

--
-- Table structure for table `tags`
--

CREATE TABLE IF NOT EXISTS `tags` (
  `id` int(10) unsigned NOT NULL,
  `name` varchar(255) COLLATE utf8_unicode_ci NOT NULL,
  `created_at` timestamp NULL DEFAULT NULL,
  `updated_at` timestamp NULL DEFAULT NULL
) ENGINE=InnoDB AUTO_INCREMENT=50 DEFAULT CHARSET=utf8 COLLATE=utf8_unicode_ci;

--
-- Dumping data for table `tags`
--

INSERT INTO `tags` (`id`, `name`, `created_at`, `updated_at`) VALUES
(1, 'Werner Rice', '2017-05-07 03:06:57', '2017-05-07 03:06:57'),
(2, 'Lea Wiza MD', '2017-05-07 03:06:58', '2017-05-07 03:06:58'),
(3, 'Liam Prosacco', '2017-05-07 03:06:58', '2017-05-07 03:06:58'),
(4, 'Reilly Lowe', '2017-05-07 03:06:58', '2017-05-07 03:06:58'),
(5, 'Breanna Wunsch', '2017-05-07 03:06:58', '2017-05-07 03:06:58'),
(6, 'Christy Wilderman', '2017-05-07 03:06:58', '2017-05-07 03:06:58'),
(7, 'Aurelio Berge PhD', '2017-05-07 03:06:58', '2017-05-07 03:06:58'),
(8, 'Edwina Mosciski', '2017-05-07 03:06:58', '2017-05-07 03:06:58'),
(9, 'Kristy Conn', '2017-05-07 03:06:58', '2017-05-07 03:06:58'),
(10, 'Daron Mante', '2017-05-07 03:06:58', '2017-05-07 03:06:58'),
(11, 'Theresa Marquardt', '2017-05-07 03:06:58', '2017-05-07 03:06:58'),
(12, 'Jannie Howe', '2017-05-07 03:06:58', '2017-05-07 03:06:58'),
(13, 'Hope Miller', '2017-05-07 03:06:58', '2017-05-07 03:06:58'),
(14, 'Don Goldner', '2017-05-07 03:06:58', '2017-05-07 03:06:58'),
(15, 'Hildegard Harber', '2017-05-07 03:06:58', '2017-05-07 03:06:58'),
(16, 'Elton Klocko', '2017-05-07 03:06:58', '2017-05-07 03:06:58'),
(17, 'Isobel Bernhard', '2017-05-07 03:06:58', '2017-05-07 03:06:58'),
(18, 'Dulce Abbott', '2017-05-07 03:06:58', '2017-05-07 03:06:58'),
(19, 'Delores Gleichner', '2017-05-07 03:06:58', '2017-05-07 03:06:58'),
(20, 'Patience Haley', '2017-05-07 03:06:59', '2017-05-07 03:06:59'),
(21, 'Luis Langosh', '2017-05-07 03:06:59', '2017-05-07 03:06:59'),
(22, 'Wilburn Stehr', '2017-05-07 03:06:59', '2017-05-07 03:06:59'),
(23, 'Matilda Gutmann', '2017-05-07 03:06:59', '2017-05-07 03:06:59'),
(24, 'Robbie Morissette', '2017-05-07 03:06:59', '2017-05-07 03:06:59'),
(25, 'Cassandre Hagenes', '2017-05-07 03:06:59', '2017-05-07 03:06:59'),
(26, 'Dr. Haleigh Sanford MD', '2017-05-07 03:06:59', '2017-05-07 03:06:59'),
(27, 'Dr. Maverick Terry', '2017-05-07 03:06:59', '2017-05-07 03:06:59'),
(28, 'Vesta Torp', '2017-05-07 03:06:59', '2017-05-07 03:06:59'),
(29, 'Silas Jacobs', '2017-05-07 03:06:59', '2017-05-07 03:06:59'),
(30, 'Mr. Trent Schowalter PhD', '2017-05-07 03:06:59', '2017-05-07 03:06:59'),
(31, 'Monica Kshlerin', '2017-05-07 03:06:59', '2017-05-07 03:06:59'),
(32, 'Hayden Reichert', '2017-05-07 03:06:59', '2017-05-07 03:06:59'),
(33, 'Mrs. Ophelia Bailey PhD', '2017-05-07 03:06:59', '2017-05-07 03:06:59'),
(34, 'Abigayle Kling', '2017-05-07 03:06:59', '2017-05-07 03:06:59'),
(35, 'Laurel Toy Sr.', '2017-05-07 03:06:59', '2017-05-07 03:06:59'),
(36, 'Dr. Vladimir Gusikowski', '2017-05-07 03:06:59', '2017-05-07 03:06:59'),
(37, 'Miss Mandy Schoen', '2017-05-07 03:06:59', '2017-05-07 03:06:59'),
(38, 'Mossie Rau', '2017-05-07 03:06:59', '2017-05-07 03:06:59'),
(39, 'Consuelo Halvorson', '2017-05-07 03:06:59', '2017-05-07 03:06:59'),
(40, 'Jacques Jacobs', '2017-05-07 03:06:59', '2017-05-07 03:06:59'),
(41, 'Joany Bailey', '2017-05-07 03:06:59', '2017-05-07 03:06:59'),
(42, 'Lucio Wilderman', '2017-05-07 03:06:59', '2017-05-07 03:06:59'),
(43, 'Erica Langosh', '2017-05-07 03:06:59', '2017-05-07 03:06:59'),
(44, 'Cedrick Murray', '2017-05-07 03:06:59', '2017-05-07 03:06:59'),
(45, 'Otha Zemlak', '2017-05-07 03:06:59', '2017-05-07 03:06:59'),
(46, 'Mr. Christopher Beer MD', '2017-05-07 03:07:00', '2017-05-07 03:07:00'),
(47, 'Gregoria Balistreri V', '2017-05-07 03:07:00', '2017-05-07 03:07:00'),
(48, 'Samara Crooks', '2017-05-07 03:07:00', '2017-05-07 03:07:00'),
(49, 'Gwendolyn Jones', '2017-05-07 03:07:00', '2017-05-07 03:07:00');

-- --------------------------------------------------------

--
-- Table structure for table `users`
--

CREATE TABLE IF NOT EXISTS `users` (
  `id` int(10) unsigned NOT NULL,
  `name` varchar(255) COLLATE utf8_unicode_ci NOT NULL,
  `email` varchar(255) COLLATE utf8_unicode_ci NOT NULL,
  `password` varchar(60) COLLATE utf8_unicode_ci NOT NULL,
  `department` varchar(255) COLLATE utf8_unicode_ci NOT NULL,
  `reg_no` varchar(255) COLLATE utf8_unicode_ci NOT NULL,
  `contact_no` varchar(50) COLLATE utf8_unicode_ci NOT NULL,
  `address` varchar(255) COLLATE utf8_unicode_ci NOT NULL,
  `role` varchar(255) COLLATE utf8_unicode_ci NOT NULL,
  `image` varchar(255) COLLATE utf8_unicode_ci NOT NULL,
  `status` tinyint(1) NOT NULL,
  `remember_token` varchar(100) COLLATE utf8_unicode_ci DEFAULT NULL,
  `created_at` timestamp NULL DEFAULT NULL,
  `updated_at` timestamp NULL DEFAULT NULL
) ENGINE=InnoDB AUTO_INCREMENT=53 DEFAULT CHARSET=utf8 COLLATE=utf8_unicode_ci;

--
-- Dumping data for table `users`
--

INSERT INTO `users` (`id`, `name`, `email`, `password`, `department`, `reg_no`, `contact_no`, `address`, `role`, `image`, `status`, `remember_token`, `created_at`, `updated_at`) VALUES
(1, 'Prof. Minerva Emmerich', 'janet88@gmail.com', '$2y$10$EZsL.1qU1fX8U4HXXUj1qegg9PrGwtIkyv82vwTZ5f8drApHM3Py.', 'quo dolorem vitae', '20674', '+4144927249606', '18455 Liliana Ridge Suite 247\nJoanaport, PA 55716-3921', 'Admin', 'http://lorempixel.com/640/480/?77835', 1, NULL, '2017-05-07 03:06:46', '2017-05-07 03:06:46'),
(2, 'Mr. Judson Feil PhD', 'wstreich@schmeler.com', '$2y$10$BIHVbf95QBMbG55KweeN9eYS6lXr8WnKdRyazzmCpSGjYGL/XHfPi', 'rerum facere quos', '20642', '+7059517426721', '52762 Hane Groves\nGreenfelderburgh, WA 14947', 'Public', 'http://lorempixel.com/640/480/?76425', 1, NULL, '2017-05-07 03:06:47', '2017-05-07 03:06:47'),
(3, 'Zackary Pollich', 'senger.sarah@yahoo.com', '$2y$10$XcPwenKQDaQxkAWdgAh9COttw.nREHRu/2N7IOfCxkTkdheeO.qV6', 'sint molestiae in', '20123', '+1720769608950', '68208 Shanahan Neck Apt. 500\nWest Silas, CA 16402-8811', 'Public', 'http://lorempixel.com/640/480/?49489', 1, NULL, '2017-05-07 03:06:47', '2017-05-07 03:06:47'),
(4, 'Vance Casper', 'hayes.marilyne@vonrueden.info', '$2y$10$A7Sz0bGJu1jJadNyzRpwEuop.0gZGDysidXQveauVsLYvDwQWdNH.', 'provident tempore voluptatem', '20630', '+7079254444408', '95878 Bernardo Streets Apt. 454\nSouth Buster, NC 95181-7698', 'Owner', 'http://lorempixel.com/640/480/?44088', 1, NULL, '2017-05-07 03:06:47', '2017-05-07 03:06:47'),
(5, 'Dr. Edmond Keebler MD', 'will.elmore@gmail.com', '$2y$10$Szkt1IxPqMB68UAdywiWjuicmrK2C/Wh68MYaWk5QitzE.ueOq5.a', 'maxime necessitatibus quod', '20392', '+0226156972745', '186 Marina Tunnel\nSouth Alfonzoland, NJ 37879-3420', 'Public', 'http://lorempixel.com/640/480/?61642', 1, NULL, '2017-05-07 03:06:47', '2017-05-07 03:06:47'),
(6, 'Santos Kautzer', 'athena76@muller.org', '$2y$10$ZQ.G6kCLJ/gXYHDSH8iQe.1vcH8QHCOK2HmZHTHIzX823kLRjtkiO', 'quo cum accusamus', '20692', '+2219189093696', '562 Bart Fields Apt. 493\nGerlachshire, HI 27515', 'Public', 'http://lorempixel.com/640/480/?99807', 1, NULL, '2017-05-07 03:06:48', '2017-05-07 03:06:48'),
(7, 'Dr. Edward Nolan MD', 'estevan60@schimmel.com', '$2y$10$/vvvcthtoZQ58jnaZmXL1efBUKQbemzBjWKSd046QKg/fxIwIEsSm', 'ut minima praesentium', '20748', '+2923042038215', '5988 Pacocha Greens\nWest Corrineburgh, SD 59922-0836', 'Public', 'http://lorempixel.com/640/480/?59809', 1, NULL, '2017-05-07 03:06:48', '2017-05-07 03:06:48'),
(8, 'Hayden Schmeler DDS', 'aheathcote@gmail.com', '$2y$10$YAnkbYEGA2U/archx0v3meQpZkOUjmsovd/JdYffi24j1QGwnHBNa', 'voluptates et natus', '20748', '+9705351698033', '916 Koelpin Lights Apt. 082\nLake Koby, PA 52740-4910', 'Owner', 'http://lorempixel.com/640/480/?28677', 1, NULL, '2017-05-07 03:06:48', '2017-05-07 03:06:48'),
(9, 'Desiree Block', 'vidal.spinka@frami.com', '$2y$10$w0NaoR6Kd/z0UpXcbpK8QeR8E6ejatP6ixG.ITT5kV2OzMYocszCS', 'aut et modi', '20393', '+6239980632701', '7888 Lavern Haven Apt. 684\nGulgowskimouth, IL 03299-3726', 'Public', 'http://lorempixel.com/640/480/?88323', 1, NULL, '2017-05-07 03:06:48', '2017-05-07 03:06:48'),
(10, 'Brooklyn Tillman', 'makayla25@hotmail.com', '$2y$10$FonLKVIyUmdRClbCXoJSl.I9PoaHLAFoUmhBl2ELzz0otumlVb0NC', 'alias voluptates maiores', '20773', '+1547182920252', '34149 Hansen Cliff\nWest Carloton, ND 84392-8876', 'Public', 'http://lorempixel.com/640/480/?68780', 1, NULL, '2017-05-07 03:06:48', '2017-05-07 03:06:48'),
(11, 'Prof. Vince Hane Sr.', 'nathaniel.turner@bashirian.com', '$2y$10$y0i6neTYNHDa1mgPDeSI9.MVywnBgzfD6kmCZoQ.7cgetlWJCBsIW', 'in harum eaque', '20754', '+5750837776045', '6538 Spinka Extensions Suite 749\nLynchshire, MS 45603', 'Public', 'http://lorempixel.com/640/480/?96108', 1, NULL, '2017-05-07 03:06:49', '2017-05-07 03:06:49'),
(12, 'Waylon Hickle', 'leola31@yahoo.com', '$2y$10$1xU/ieXNMK.z6RO70XORbezlyP0Rrxj7UzQWDlqSZfv/fqJH2lT0q', 'praesentium mollitia alias', '20728', '+3252899445953', '8024 Teresa Fork Suite 828\nWest Joesph, VT 46179', 'Owner', 'http://lorempixel.com/640/480/?11732', 1, NULL, '2017-05-07 03:06:49', '2017-05-07 03:06:49'),
(13, 'Mr. Jaylen Jenkins', 'katrina42@gmail.com', '$2y$10$Rc2bXQ4PNuBcVUyDRJRXLONjLS6I1HbsOL7Qs3Q0/RQK6NqLPprYq', 'nesciunt veritatis rerum', '20136', '+0040697319495', '75369 Connor Islands\nEast Valentinafurt, VA 88501', 'Public', 'http://lorempixel.com/640/480/?71538', 1, NULL, '2017-05-07 03:06:49', '2017-05-07 03:06:49'),
(14, 'Bertha Abbott', 'jimmy15@yahoo.com', '$2y$10$m20v3Iv8Ia3T485ITNJC1uqTTez8qMv8khobwLb7L.WN.HE2B2Xa.', 'omnis voluptatum qui', '20381', '+4932884054178', '819 Parker Pike Suite 938\nLake Mikel, NY 34542-6250', 'Public', 'http://lorempixel.com/640/480/?80500', 1, NULL, '2017-05-07 03:06:49', '2017-05-07 03:06:49'),
(15, 'Maximo Gusikowski', 'laisha.armstrong@morissette.com', '$2y$10$PJzltu.wUpA.An6mDBxeKutn5FNdYhLtLTtZLV2Wrqn7R/AomaLqq', 'id fuga harum', '20706', '+3949736235772', '89212 Casper Lakes\nPort Nikolasbury, SD 13832-2066', 'Public', 'http://lorempixel.com/640/480/?93230', 1, NULL, '2017-05-07 03:06:49', '2017-05-07 03:06:49'),
(16, 'Ms. Willie Pouros DDS', 'nia53@tremblay.com', '$2y$10$.7ew/myYlShiyTSkWnUsi.5FzC3wGFYeaeWRU3vZcBd6bi8MU5Ufm', 'veniam aspernatur ut', '20845', '+0648731495725', '1035 Willms Port Suite 464\nNorth Juliushaven, AK 86791-3180', 'Owner', 'http://lorempixel.com/640/480/?73498', 1, NULL, '2017-05-07 03:06:49', '2017-05-07 03:06:49'),
(17, 'Mr. Cyrus Ledner II', 'kellie32@yahoo.com', '$2y$10$N/5Ij9nbzbkPlD9YIi68pe4FfYpz1f/rnEhBuJvdYkCon7/Upl7NS', 'itaque nobis in', '20326', '+6893915907769', '237 Schumm Track\nNew Lillianaport, NV 61241-1438', 'Public', 'http://lorempixel.com/640/480/?41217', 1, NULL, '2017-05-07 03:06:50', '2017-05-07 03:06:50'),
(18, 'Otho Krajcik', 'coleman79@yahoo.com', '$2y$10$9xo7cNptrpMoMRLUPBulTuYqMuBPohwjgpjJfM1I88mCZpJ941HdC', 'ut impedit quo', '20479', '+5409083415013', '8491 Elliott Trafficway Suite 739\nBashirianport, NE 47359-6265', 'Public', 'http://lorempixel.com/640/480/?72090', 1, NULL, '2017-05-07 03:06:50', '2017-05-07 03:06:50'),
(19, 'Dr. Demario Wiegand MD', 'carter.erna@hotmail.com', '$2y$10$xUUyglT9FhqnrCLTo46x7uW0Fwhwi4orkrteMBLDByU9bSf3BFe7u', 'sit incidunt cum', '20302', '+5827006669347', '143 Bode Fort Suite 611\nDonnaborough, NY 01747', 'Public', 'http://lorempixel.com/640/480/?54421', 1, NULL, '2017-05-07 03:06:50', '2017-05-07 03:06:50'),
(20, 'Mrs. Lorna Hettinger', 'cecilia62@cruickshank.org', '$2y$10$ehHAgwDgWlFiWh6dyifltOy0b/T2L4D2lMjtpJn2BnZbIZjWMioMm', 'nobis voluptate excepturi', '20425', '+8133466488382', '8606 Hermann Turnpike\nMeaghanton, NY 61638-8917', 'Owner', 'http://lorempixel.com/640/480/?41715', 1, NULL, '2017-05-07 03:06:50', '2017-05-07 03:06:50'),
(21, 'Nick Kreiger', 'reilly.aurore@yahoo.com', '$2y$10$W8fzjPh6JKQjg5xtzqrX..KfDt3OC1CoJmAu7vRsDpdYSKKKzAX9S', 'distinctio nostrum perspiciatis', '20566', '+2956275052343', '4393 Lubowitz Square Apt. 984\nElissaside, MA 90567-8331', 'Public', 'http://lorempixel.com/640/480/?27809', 1, NULL, '2017-05-07 03:06:51', '2017-05-07 03:06:51'),
(22, 'Anjali Rogahn', 'luna24@gmail.com', '$2y$10$ENmfhH7tuDA1VirFaugzvexHq8OR/7I3CsZVsa74bc9Ju/z7AG1ji', 'est praesentium delectus', '20500', '+7545952986362', '9743 Lind Island\nEast Trishashire, MD 77454-9101', 'Public', 'http://lorempixel.com/640/480/?94326', 1, NULL, '2017-05-07 03:06:51', '2017-05-07 03:06:51'),
(23, 'Joyce Crooks', 'ubarrows@strosin.net', '$2y$10$AC4PNGTbVM0guPEwuCpxpuNPKAEBjWwsprZBRaj1KMER7MoZdwNwC', 'facere enim ut', '20595', '+2893499989081', '26120 Heidenreich Unions\nPort Alexzander, MT 61153-3266', 'Public', 'http://lorempixel.com/640/480/?31199', 1, NULL, '2017-05-07 03:06:51', '2017-05-07 03:06:51'),
(24, 'Kaia Jaskolski I', 'shemar.towne@yahoo.com', '$2y$10$/kfwQAgmDdLA8C7Wrba3q.S4Ky7XLsRmPmWzLUX5QyU8x6JwV4Ge2', 'nihil quia rerum', '20522', '+3119787282716', '1859 Else Burgs Apt. 676\nEast Emmanuel, KS 50900-8343', 'Owner', 'http://lorempixel.com/640/480/?21106', 1, NULL, '2017-05-07 03:06:51', '2017-05-07 03:06:51'),
(25, 'Cassidy Doyle', 'chaya37@sauer.com', '$2y$10$kNr4WZJDPrqnjloI/9UZP.rdpJYAmDa0M2Ux/Qu1JETWl0LEtFeg2', 'repudiandae vel cupiditate', '20422', '+6636011137611', '604 Schneider Trail\nAracelistad, IN 39450-9318', 'Public', 'http://lorempixel.com/640/480/?64199', 1, NULL, '2017-05-07 03:06:51', '2017-05-07 03:06:51'),
(26, 'Modesto Beier DDS', 'lysanne87@hessel.net', '$2y$10$vvIdapuZVjwhWszXnS.uR.OdbMLPdzFT1Z3DdXilDUkcxma1Tcprq', 'quibusdam similique officiis', '20850', '+5230286960270', '7336 Mabelle Rue\nPort Mariannetown, KY 22108', 'Public', 'http://lorempixel.com/640/480/?47347', 1, NULL, '2017-05-07 03:06:52', '2017-05-07 03:06:52'),
(27, 'Clotilde Johnson MD', 'damian28@yahoo.com', '$2y$10$5PhYhsaUBciwnHc.8AXH7OEBl9Qp/78iUFIS.DoKjMxNqJ/8/zlAG', 'ut hic ut', '20309', '+8672184260330', '99021 Padberg Unions Apt. 119\nBednarville, DC 80500', 'Public', 'http://lorempixel.com/640/480/?82596', 1, NULL, '2017-05-07 03:06:52', '2017-05-07 03:06:52'),
(28, 'Mrs. Cassandra Glover III', 'myrl.wisoky@schuster.com', '$2y$10$SMHLowIiG.7CevQugPLnauzZy454AJcW3aRHzJxt5rQgioNMnk8fe', 'autem sed velit', '20461', '+6548591363604', '67513 Gene Turnpike\nWest Reggie, NC 23338-0906', 'Owner', 'http://lorempixel.com/640/480/?38934', 1, NULL, '2017-05-07 03:06:53', '2017-05-07 03:06:53'),
(29, 'Ms. Mazie Hettinger DDS', 'littel.nannie@gmail.com', '$2y$10$cd0/0Vbxk3W9BKKpGLPoaOIyvX1iJ88ZMZ7xpnaoDXc7gKc3fMgLK', 'vel laborum vel', '20276', '+0173779817375', '55486 Wisoky Passage\nLake Goldaville, CO 76968-2941', 'Public', 'http://lorempixel.com/640/480/?71641', 1, NULL, '2017-05-07 03:06:53', '2017-05-07 03:06:53'),
(30, 'Miguel Lubowitz', 'reichert.leonie@orn.com', '$2y$10$oMGB3olOdsdajTdCQC48nePGAtjuFohKu1Ww4paSdFRaF/jrdNmli', 'et omnis dolorum', '20685', '+0684853215120', '1328 Schuppe Estate Apt. 620\nSouth Marieborough, MI 75978-9902', 'Public', 'http://lorempixel.com/640/480/?81581', 1, NULL, '2017-05-07 03:06:53', '2017-05-07 03:06:53'),
(31, 'Austin Green DDS', 'wiegand.cassidy@hotmail.com', '$2y$10$U3JGmvaA.fsHBbbFqpoJEuE/hRu9OE8njyi.DjQlZuWw.b4j.R45u', 'aliquid sed neque', '20336', '+6434513746093', '2732 Little Stravenue\nEast Arliefort, NC 01432', 'Public', 'http://lorempixel.com/640/480/?41008', 1, NULL, '2017-05-07 03:06:53', '2017-05-07 03:06:53'),
(32, 'Westley Kohler', 'ernser.mathias@hotmail.com', '$2y$10$zsJTbRBQRoIAlqWMIkEkoed9KIW22CDzuXvtl5N9oKoTLwryXqU6m', 'est veritatis repudiandae', '20792', '+3704845651796', '193 Metz Keys Suite 042\nPort Benedict, VA 62238', 'Owner', 'http://lorempixel.com/640/480/?43789', 1, NULL, '2017-05-07 03:06:53', '2017-05-07 03:06:53'),
(33, 'Mr. Blaise Lind V', 'ollie.rempel@bergnaum.com', '$2y$10$KBruTZR5f8qWsqCGMeAw7.cWwAzWumFBUsT0JzmXWGoCO5nmYnSsO', 'facilis velit odit', '20603', '+1283044206852', '8191 Julie Forge Apt. 243\nSatterfieldchester, MN 79375', 'Public', 'http://lorempixel.com/640/480/?53233', 1, NULL, '2017-05-07 03:06:54', '2017-05-07 03:06:54'),
(34, 'Leonie Schmeler', 'ed89@kautzer.org', '$2y$10$nTjzweXtngRSY.On08XwhOBH/P3Ee9jsuiLc/KVSJcKtpnOFAj18m', 'delectus dolorem aut', '20895', '+4566707697046', '690 Cyrus Mission\nDouglasville, MD 53992', 'Public', 'http://lorempixel.com/640/480/?53113', 1, NULL, '2017-05-07 03:06:54', '2017-05-07 03:06:54'),
(35, 'Miss Samantha Padberg I', 'qtowne@hotmail.com', '$2y$10$071bcy6X4PavrXfJ6NICxO/9ThAXG7H3z/v8CG3tBFzFxdkQzhi0.', 'aut consequuntur voluptatibus', '20687', '+8049197309131', '379 Callie Village\nBrisaview, TX 08808-7532', 'Public', 'http://lorempixel.com/640/480/?99251', 1, NULL, '2017-05-07 03:06:54', '2017-05-07 03:06:54'),
(36, 'Odie Sawayn', 'kutch.meaghan@kunde.com', '$2y$10$TiiOqwmxwk5xi9k6fHiJd.F2/Wh1zm9v39XIpL8M.Kf38gOaZwVOy', 'iste officia officiis', '20543', '+2066181125466', '249 Rippin Stravenue Apt. 522\nRobynton, MD 80560', 'Owner', 'http://lorempixel.com/640/480/?26193', 1, NULL, '2017-05-07 03:06:54', '2017-05-07 03:06:54'),
(37, 'Prof. Angel Hahn III', 'adell.block@bednar.net', '$2y$10$aXKpRMvUqMryaNWyK7y9o.gSAe/vaxUnOvr//MSjp0R6RB0.0Dxoy', 'quae ea minus', '20206', '+6654078456387', '5221 Krystal Dam Suite 753\nRosendoport, TN 83714-0292', 'Public', 'http://lorempixel.com/640/480/?59723', 1, NULL, '2017-05-07 03:06:54', '2017-05-07 03:06:54'),
(38, 'Jace Runte', 'abraham.braun@hotmail.com', '$2y$10$hFgXNRhc2NCDV39y3L./JuY6Zxz01ToYw2P/kOAfmACM79nYNKawa', 'ut architecto ut', '20583', '+1920497393174', '882 Garrett Dale Suite 290\nEudoraberg, DC 74937', 'Public', 'http://lorempixel.com/640/480/?53464', 1, NULL, '2017-05-07 03:06:55', '2017-05-07 03:06:55'),
(39, 'Jeffery Barrows', 'carlee.adams@carter.com', '$2y$10$ru345.zO/XFaQiSI2IZFXOiRfja6MwQNtrQ48oQtt2Cms6y9CKIdm', 'dolorem omnis repudiandae', '20556', '+3855012704928', '1459 Laurine Mount\nJanshire, AZ 13712', 'Public', 'http://lorempixel.com/640/480/?94202', 1, NULL, '2017-05-07 03:06:55', '2017-05-07 03:06:55'),
(40, 'Lorna Bruen', 'hilll.freddie@hotmail.com', '$2y$10$/3y4QZcb05Zvalp7SLoul.ipDvlZJ3jRNoiJF/DYJ3WP1q8ILCDpi', 'reiciendis numquam et', '20183', '+4870419732410', '86659 Brakus Glens Suite 999\nNew Courtneymouth, NJ 80818-5246', 'Owner', 'http://lorempixel.com/640/480/?14927', 1, NULL, '2017-05-07 03:06:55', '2017-05-07 03:06:55'),
(41, 'Dale Kuhic', 'maggio.brycen@yahoo.com', '$2y$10$rK4Px.9wz0vlg0y7LKN3/.KeUEl9LIDZdAR33SnXvyZ3w/ZiLgsnO', 'omnis id dolorum', '20853', '+2358546766060', '43873 Lulu Hills\nPort Sincerestad, NE 96541', 'Public', 'http://lorempixel.com/640/480/?74085', 1, NULL, '2017-05-07 03:06:55', '2017-05-07 03:06:55'),
(42, 'Mrs. Kayli Torphy DDS', 'michele99@reichert.com', '$2y$10$lnsG7lTeuNzlnT02qnU6sen3pZ3nZuHXchZ2ZMpkXUWRR0Uq.s1n6', 'et voluptate at', '20260', '+1927389503525', '9567 Dell Ridges\nNew Ednaview, NV 99052-6204', 'Public', 'http://lorempixel.com/640/480/?70080', 1, NULL, '2017-05-07 03:06:55', '2017-05-07 03:06:55'),
(43, 'Olaf Schroeder', 'julie.weimann@bruen.com', '$2y$10$BXwPMOkGKYW5ru0/ZKxNn.g6T5hDkmWlGXh1z6hzsnFo3GuNCVgqu', 'doloremque porro est', '20734', '+5957265194258', '3635 Justice Oval\nEmmanuelleside, NC 47688', 'Public', 'http://lorempixel.com/640/480/?58682', 1, NULL, '2017-05-07 03:06:56', '2017-05-07 03:06:56'),
(44, 'Rozella Hayes', 'kunde.blanche@hotmail.com', '$2y$10$JoYdAA/GEsR/xXckbXJS0uuvaR0AxAeG7gPnlOHWeum4ztt8s2DqK', 'accusamus qui recusandae', '20383', '+6471761275899', '4849 Rosalind Hill Suite 065\r\nWest Gilbertohaven, SD 88799-5235', 'Owner', 'http://lorempixel.com/640/480/?69644', 0, NULL, '2017-05-07 03:06:56', '2017-05-07 03:06:56'),
(45, 'Prof. Lafayette Krajcik III', 'murray.kallie@stoltenberg.com', '$2y$10$IqDSZ4VmiBcSuoGGA3bzD.HvU30.COfQvVFTy8joiJRyyg5E5AAY6', 'eius nesciunt deserunt', '20677', '+5964470708704', '24864 Bert Key Apt. 453\nAndreville, TX 35450', 'Public', 'http://lorempixel.com/640/480/?44513', 1, NULL, '2017-05-07 03:06:56', '2017-05-07 03:06:56'),
(46, 'Elisha Kunze', 'corkery.nova@schowalter.com', '$2y$10$FP6yJ/tkazApjIqjvvm4yOZ7AFkX4Rx94qI7GmzYqDLJS2.P2z6SG', 'ut corporis quod', '20359', '+3345698769678', '82060 Aaliyah Run\nWest Giuseppe, SC 67285', 'Public', 'http://lorempixel.com/640/480/?49964', 1, NULL, '2017-05-07 03:06:56', '2017-05-07 03:06:56'),
(47, 'Mrs. Micaela Stehr IV', 'emie46@dare.com', '$2y$10$ispt0.KEUp3wgedxliVW7OLQ8M7D8k3HaXedIzH69cG2xQdlqmK/C', 'voluptas repudiandae est', '20374', '+5797572220322', '7404 Alice Street\nSkilesport, WA 31517-5383', 'Public', 'http://lorempixel.com/640/480/?76224', 1, NULL, '2017-05-07 03:06:57', '2017-05-07 03:06:57'),
(48, 'Chelsey Wilkinson III', 'lueilwitz.kylee@larson.biz', '$2y$10$CQHeX1opbz5Z1CvagheBgu8jyBWAETBW7dOHrIzx1GHadFHnnhrxa', 'excepturi dolore qui', '20624', '+7935952468786', '7506 Hamill Pine\nNew Rebeka, AK 81569', 'Owner', 'http://lorempixel.com/640/480/?73150', 1, NULL, '2017-05-07 03:06:57', '2017-05-07 03:06:57'),
(49, 'Dr. Arnoldo Price DDS', 'lottie.gulgowski@gmail.com', '$2y$10$rDJdM9jjP6SVZBg1BbyrOuJaEMRG4cAXq3k2cs635l2M7HFogNrBK', 'itaque rerum sapiente', '20208', '+0686600309940', '86390 Prosacco Light Suite 541\nNew Shermanshire, WY 54712', 'Public', 'http://lorempixel.com/640/480/?82701', 1, NULL, '2017-05-07 03:06:57', '2017-05-07 03:06:57'),
(50, 'Mustafij Nebir', 'nebir1993@gmail.com', '$2y$10$ZIDoT8CUSM4JGgUU2VbxJuMPlA0Bl9Bb0EMc8Qb1MgJASbAQFRHFa', 'Computer Science & Enginnering', '2012331058', '01553572766', 'Renessa 23, Akhalia, Sylhet', 'Admin', '/image/user/30802149414861350.jpg', 1, '9iya2jxtP7AoEKPIxObpL4I2DbfodwRr9GcXF65Pq34eW8nzWzg1YtZu1s9n', '2017-05-07 03:16:53', '2017-05-11 00:22:15'),
(51, 'Shuvo', 'tarmimhoqueshuvo@gmail.com', '$2y$10$zOXSb0w7YRrPGGrbqc9OtOERua6vF2PWyqvGXXpQyqO00TPmfYrPW', 'CSE', '2012331074', '1234567890', 'Uniliver, Surma', 'Public', '/images/categories/default.png', 1, 'bm473B4eZ5Ux6wXJ4MeDwKXm4LaEDUQzRYGcFWWj9C6rT5pIsEfXUengl6eV', '2017-05-07 05:09:38', '2017-05-09 11:52:18'),
(52, 'shoru', 's@gmail.com', '$2y$10$UzWh76CTn5c3iNdtd.nqlOqwj/3Vbm89U0UD/F66rYiQBL3GPruuy', 'CSE', '12', '12', '136', 'Public', '/images/categories/default.png', 1, NULL, '2017-05-08 06:45:23', '2017-05-08 06:45:23');

--
-- Indexes for dumped tables
--

--
-- Indexes for table `categories`
--
ALTER TABLE `categories`
  ADD PRIMARY KEY (`id`);

--
-- Indexes for table `migrations`
--
ALTER TABLE `migrations`
  ADD PRIMARY KEY (`id`);

--
-- Indexes for table `orders`
--
ALTER TABLE `orders`
  ADD PRIMARY KEY (`id`), ADD KEY `orders_customer_id_foreign` (`customer_id`);

--
-- Indexes for table `order_details`
--
ALTER TABLE `order_details`
  ADD PRIMARY KEY (`id`), ADD KEY `order_details_order_id_foreign` (`order_id`), ADD KEY `order_details_product_id_foreign` (`product_id`);

--
-- Indexes for table `password_resets`
--
ALTER TABLE `password_resets`
  ADD KEY `password_resets_email_index` (`email`), ADD KEY `password_resets_token_index` (`token`);

--
-- Indexes for table `products`
--
ALTER TABLE `products`
  ADD PRIMARY KEY (`id`), ADD KEY `products_category_id_foreign` (`category_id`), ADD KEY `products_owner_id_foreign` (`owner_id`);

--
-- Indexes for table `product_tag`
--
ALTER TABLE `product_tag`
  ADD PRIMARY KEY (`id`), ADD KEY `product_tag_product_id_foreign` (`product_id`), ADD KEY `product_tag_tag_id_foreign` (`tag_id`);

--
-- Indexes for table `tags`
--
ALTER TABLE `tags`
  ADD PRIMARY KEY (`id`);

--
-- Indexes for table `users`
--
ALTER TABLE `users`
  ADD PRIMARY KEY (`id`), ADD UNIQUE KEY `users_email_unique` (`email`);

--
-- AUTO_INCREMENT for dumped tables
--

--
-- AUTO_INCREMENT for table `categories`
--
ALTER TABLE `categories`
  MODIFY `id` int(10) unsigned NOT NULL AUTO_INCREMENT,AUTO_INCREMENT=11;
--
-- AUTO_INCREMENT for table `migrations`
--
ALTER TABLE `migrations`
  MODIFY `id` int(10) unsigned NOT NULL AUTO_INCREMENT,AUTO_INCREMENT=577;
--
-- AUTO_INCREMENT for table `orders`
--
ALTER TABLE `orders`
  MODIFY `id` int(10) unsigned NOT NULL AUTO_INCREMENT,AUTO_INCREMENT=104;
--
-- AUTO_INCREMENT for table `order_details`
--
ALTER TABLE `order_details`
  MODIFY `id` int(10) unsigned NOT NULL AUTO_INCREMENT,AUTO_INCREMENT=104;
--
-- AUTO_INCREMENT for table `products`
--
ALTER TABLE `products`
  MODIFY `id` int(10) unsigned NOT NULL AUTO_INCREMENT,AUTO_INCREMENT=19;
--
-- AUTO_INCREMENT for table `product_tag`
--
ALTER TABLE `product_tag`
  MODIFY `id` int(10) unsigned NOT NULL AUTO_INCREMENT,AUTO_INCREMENT=413;
--
-- AUTO_INCREMENT for table `tags`
--
ALTER TABLE `tags`
  MODIFY `id` int(10) unsigned NOT NULL AUTO_INCREMENT,AUTO_INCREMENT=50;
--
-- AUTO_INCREMENT for table `users`
--
ALTER TABLE `users`
  MODIFY `id` int(10) unsigned NOT NULL AUTO_INCREMENT,AUTO_INCREMENT=53;
--
-- Constraints for dumped tables
--

--
-- Constraints for table `orders`
--
ALTER TABLE `orders`
ADD CONSTRAINT `orders_customer_id_foreign` FOREIGN KEY (`customer_id`) REFERENCES `users` (`id`) ON DELETE SET NULL ON UPDATE CASCADE;

--
-- Constraints for table `order_details`
--
ALTER TABLE `order_details`
ADD CONSTRAINT `order_details_order_id_foreign` FOREIGN KEY (`order_id`) REFERENCES `orders` (`id`) ON DELETE CASCADE ON UPDATE CASCADE,
ADD CONSTRAINT `order_details_product_id_foreign` FOREIGN KEY (`product_id`) REFERENCES `products` (`id`) ON DELETE SET NULL ON UPDATE CASCADE;

--
-- Constraints for table `products`
--
ALTER TABLE `products`
ADD CONSTRAINT `products_category_id_foreign` FOREIGN KEY (`category_id`) REFERENCES `products` (`id`) ON DELETE SET NULL ON UPDATE CASCADE,
ADD CONSTRAINT `products_owner_id_foreign` FOREIGN KEY (`owner_id`) REFERENCES `users` (`id`) ON DELETE CASCADE ON UPDATE CASCADE;

--
-- Constraints for table `product_tag`
--
ALTER TABLE `product_tag`
ADD CONSTRAINT `product_tag_product_id_foreign` FOREIGN KEY (`product_id`) REFERENCES `products` (`id`) ON DELETE CASCADE ON UPDATE CASCADE,
ADD CONSTRAINT `product_tag_tag_id_foreign` FOREIGN KEY (`tag_id`) REFERENCES `tags` (`id`) ON DELETE CASCADE ON UPDATE CASCADE;

/*!40101 SET CHARACTER_SET_CLIENT=@OLD_CHARACTER_SET_CLIENT */;
/*!40101 SET CHARACTER_SET_RESULTS=@OLD_CHARACTER_SET_RESULTS */;
/*!40101 SET COLLATION_CONNECTION=@OLD_COLLATION_CONNECTION */;
